utc,memory_MiB,util_percent,power_W
2026-10-01T07:54:16Z,1, 0, 26.15
2026-10-01T07:54:18Z,4, 0, 23.02
2026-10-01T07:54:20Z,4, 0, 4.11
2026-10-01T07:54:22Z,4, 0, 3.53
2026-10-01T07:54:24Z,4, 0, 4.65
2026-10-01T07:54:26Z,508, 0, 3.41
2026-10-01T07:54:28Z,1168, 0, 58.40
2026-10-01T07:54:30Z,1168, 0, 58.30
2026-10-01T07:54:32Z,1168, 0, 58.13
2026-10-01T07:54:34Z,1168, 0, 58.42
2026-10-01T07:54:36Z,1168, 0, 58.12
2026-10-01T07:54:38Z,1168, 0, 57.98
2026-10-01T07:54:40Z,1168, 0, 58.17
2026-10-01T07:54:42Z,1168, 0, 57.95
2026-10-01T07:54:44Z,1168, 0, 57.94
2026-10-01T07:54:46Z,1168, 0, 15.56
2026-10-01T07:54:48Z,1168, 0, 2.56
2026-10-01T07:54:50Z,1168, 0, 2.53
2026-10-01T07:54:52Z,1168, 0, 2.27
2026-10-01T07:54:54Z,1168, 0, 2.21
2026-10-01T07:54:56Z,1168, 0, 2.33
2026-10-01T07:54:58Z,1168, 0, 2.30
2026-10-01T07:55:00Z,1168, 0, 2.24
2026-10-01T07:55:02Z,1168, 0, 2.21
2026-10-01T07:55:04Z,1168, 0, 2.38
2026-10-01T07:55:06Z,1168, 0, 2.19
2026-10-01T07:55:08Z,1168, 0, 2.29
2026-10-01T07:55:10Z,1168, 0, 2.19
2026-10-01T07:55:12Z,1168, 0, 2.27
2026-10-01T07:55:15Z,1168, 0, 2.17
2026-10-01T07:55:17Z,1168, 0, 2.29
2026-10-01T07:55:19Z,1168, 0, 2.28
2026-10-01T07:55:21Z,1168, 0, 2.36
2026-10-01T07:55:23Z,1168, 0, 2.24
2026-10-01T07:55:25Z,1168, 0, 2.16
2026-10-01T07:55:27Z,1168, 0, 2.28
2026-10-01T07:55:29Z,1168, 0, 2.22
2026-10-01T07:55:31Z,1168, 0, 2.36
2026-10-01T07:55:33Z,1168, 0, 2.31
2026-10-01T07:55:35Z,1168, 0, 2.15
2026-10-01T07:55:37Z,1168, 0, 2.23
2026-10-01T07:55:39Z,1168, 0, 2.26
2026-10-01T07:55:41Z,1168, 0, 2.15
2026-10-01T07:55:43Z,1168, 0, 2.22
2026-10-01T07:55:45Z,1168, 0, 2.12
2026-10-01T07:55:47Z,1168, 0, 2.23
2026-10-01T07:55:49Z,1168, 0, 2.19
2026-10-01T07:55:51Z,1168, 0, 2.16
2026-10-01T07:55:53Z,1168, 0, 2.10
2026-10-01T07:55:55Z,1168, 0, 2.11
2026-10-01T07:55:57Z,1168, 0, 2.24
2026-10-01T07:55:59Z,1168, 0, 2.25
2026-10-01T07:56:01Z,1168, 0, 2.15
2026-10-01T07:56:03Z,1168, 0, 2.18
2026-10-01T07:56:05Z,1168, 0, 2.09
2026-10-01T07:56:07Z,1168, 0, 2.18
2026-10-01T07:56:09Z,1168, 0, 2.23
2026-10-01T07:56:11Z,1168, 0, 2.15
2026-10-01T07:56:13Z,1168, 0, 2.20
2026-10-01T07:56:15Z,1168, 0, 2.26
2026-10-01T07:56:17Z,1168, 0, 2.20
2026-10-01T07:56:19Z,1168, 0, 2.35
2026-10-01T07:56:21Z,1168, 0, 2.46
2026-10-01T07:56:23Z,12974, 42, 39.07
2026-10-01T07:56:25Z,20032, 100, 317.73
2026-10-01T07:56:27Z,22724, 36, 381.89
2026-10-01T07:56:29Z,24006, 100, 400.16
2026-10-01T07:56:31Z,24694, 97, 399.51
2026-10-01T07:56:33Z,24694, 100, 392.83
2026-10-01T07:56:35Z,24694, 100, 400.50
2026-10-01T07:56:37Z,24694, 100, 402.26
2026-10-01T07:56:39Z,24694, 100, 399.61
2026-10-01T07:56:41Z,25398, 100, 399.98
2026-10-01T07:56:43Z,25398, 100, 400.00
2026-10-01T07:56:46Z,25398, 100, 410.79
2026-10-01T07:56:48Z,25398, 100, 399.60
2026-10-01T07:56:50Z,25398, 100, 399.98
2026-10-01T07:56:52Z,25398, 100, 400.00
2026-10-01T07:56:54Z,25398, 6, 123.90
2026-10-01T07:56:56Z,4, 0, 64.18
2026-10-01T07:56:58Z,4, 0, 42.89
